,round,temp,home,appear,semi_finalist,runner_up,winner,prev,coach_exp,rest,c_odi,wk_odi,squad_odi,c_wc,wk_wc,squad_wc,bat_avg_11,bat_avg_5,centuries,bowl_avg_11,bowl_avg_5,fives,chem_2,chem_3,chem_4,chem_5,chem_6,chem_7,chem_8,chem_9,chem_10,chem_11,result
0,0,-22.799999999999997,0,-4,-2,-3,0,1,-4,0,47.0,2.0,0.0,1.0,0.5,0.0,4.578181818181815,7.536000000000001,28.0,3.9548888888888882,0.9739999999999966,1.0,4.0,10.0,10.0,6.0,6.0,0.0,0.0,0.0,0.0,0.0,0
1,0,14.300000000000004,0,0,1,-2,-1,-1,1,0,99.0,-9.0,62.811764705882354,0.0,0.0,0.0,-4.482727272727274,-5.881999999999998,9.0,-2.321818181818184,2.195999999999998,23.0,-3.0,1.0,4.0,0.0,0.0,0.0,0.0,0.0,0.0,0.0,0
2,0,4.799999999999983,0,6,4,0,0,1,2,6,138.0,-20.5,62.53333333333333,1.0,-1.0,-1.0,7.7409090909090885,8.468000000000004,24.0,41.69363636363637,9.858,6.0,-3.0,-2.0,-6.0,0.0,0.0,0.0,0.0,0.0,0.0,0.0,1
3,0,-19.400000000000006,0,0,0,0,0,0,0,0,2.0,5.0,0.0,0.0,0.0,0.0,-1.15625,-4.25,1.0,-5.863999999999997,-5.863999999999997,0.0,3.0,2.0,-4.0,0.0,0.0,0.0,0.0,0.0,0.0,0.0,0
4,0,-17.6,1,0,-1,-2,1,1,0,-11,108.0,39.0,80.8095238095238,1.5,0.0,0.0,-1.6790909090909025,-1.0779999999999959,33.0,-1.741919191919191,1.7220000000000049,14.0,-5.0,-1.0,-4.0,0.0,0.0,0.0,0.0,0.0,0.0,0.0,1
5,0,5.699999999999989,-1,0,0,1,1,0,-2,-26,-158.5,-175.0,-138.0,-1.5,-1.0,-1.0,-8.531818181818178,-6.869999999999997,-62.0,-2.418909090909093,0.9719999999999978,-7.0,0.0,8.0,-4.0,0.0,0.0,0.0,0.0,0.0,0.0,0.0,0
6,1,-17.1,0,4,2,0,0,1,0,-5,94.0,123.0,98.80000000000001,1.0,1.0,0.0,-5.277272727272724,-7.357999999999997,36.0,5.662999999999997,0.1180000000000021,11.0,5.0,6.0,4.0,0.0,0.0,0.0,0.0,0.0,0.0,0.0,1
7,1,10.600000000000001,0,-8,-4,0,0,-1,-3,3,-260.0,4.0,-76.69411764705883,-3.0,0.0,-1.0,9.66545454545454,13.764,-15.0,-8.463636363636365,1.5020000000000024,-8.0,-10.0,-14.0,-8.0,0.0,0.0,0.0,0.0,0.0,0.0,0.0,0
8,0,-22.200000000000017,0,0,-1,0,2,0,-3,-5,-74.0,-57.0,0.0,-1.0,0.0,0.0,-5.648181818181818,-2.387999999999998,17.0,5.887999999999998,3.4919999999999973,-1.0,2.0,12.0,0.0,0.0,0.0,0.0,0.0,0.0,0.0,0.0,0
9,0,-27.199999999999996,1,0,1,1,0,1,0,0,12.0,-34.0,0.0,-1.0,-2.0,-1.0,-0.9018181818181894,2.3400000000000034,-3.0,8.891298701298702,-1.0060000000000002,0.0,-2.0,-10.0,-4.0,0.0,0.0,0.0,0.0,0.0,0.0,0.0,0
10,0,15.200000000000003,0,2,4,2,0,2,0,5,85.0,24.0,0.0,0.0,0.0,0.0,4.796249999999997,12.902000000000001,14.0,26.082500000000003,30.256000000000007,0.0,8.0,0.0,0.0,0.0,0.0,0.0,0.0,0.0,0.0,0.0,0
11,0,-2.8999999999999986,0,-2,0,0,0,0,3,8,-39.0,-12.0,0.0,-1.0,0.0,0.0,-30.385454545454547,-43.592,-4.0,24.19125,18.296,0.0,-8.0,-6.0,-6.0,-6.0,-6.0,0.0,0.0,0.0,0.0,0.0,1
12,0,1.1999999999999886,-1,-4,-2,-2,-1,-4,0,0,-176.0,-60.0,-78.21428571428571,-2.0,0.0,0.0,-5.282337662337664,-4.439999999999998,-21.0,-25.326000000000008,-28.320000000000007,-1.0,-1.0,-2.0,-8.0,0.0,0.0,0.0,0.0,0.0,0.0,0.0,1
13,1,8.099999999999994,0,-4,0,-1,-1,-1,-3,0,-133.0,-58.0,-42.53333333333333,-1.0,0.0,-1.0,2.734545454545458,1.9780000000000015,-17.0,3.539363636363632,0.20199999999999818,-6.0,0.0,-1.0,0.0,0.0,0.0,0.0,0.0,0.0,0.0,0.0,1
14,0,-5.5,0,-6,-4,-2,-1,-2,0,0,-139.5,-57.0,-145.4,-0.5,0.0,0.0,-5.5090909090909115,-8.518,-86.0,-8.052727272727275,3.900000000000002,-8.0,7.0,3.0,9.0,5.0,0.0,0.0,0.0,0.0,0.0,0.0,1
15,0,21.400000000000006,0,2,1,1,1,3,0,1,166.0,10.0,71.53333333333333,2.0,-1.0,-1.0,2.5972727272727276,0.8119999999999976,24.0,6.565454545454536,4.646000000000001,0.0,1.0,-1.0,-10.0,-6.0,-6.0,0.0,0.0,0.0,0.0,0.0,1
16,0,4.700000000000003,-1,0,0,2,1,3,0,0,122.0,-24.0,78.21428571428571,1.0,-2.0,-2.0,4.460909090909087,2.753999999999998,17.0,9.222749999999998,3.6880000000000024,2.0,0.0,2.0,2.0,-6.0,-6.0,0.0,0.0,0.0,0.0,0.0,0
17,0,-52.899999999999984,0,0,0,0,0,1,-3,0,51.0,51.0,19.0,1.0,1.0,1.0,17.712727272727275,21.612000000000002,0.0,-71.29545454545455,-34.292,0.0,4.0,7.0,11.0,5.0,0.0,0.0,0.0,0.0,0.0,0.0,0
18,0,1.7999999999999972,0,6,3,3,1,3,2,0,251.0,47.0,73.66666666666667,3.0,0.0,0.0,30.671818181818175,42.212,25.0,-33.23727272727273,-27.032,5.0,12.0,12.0,9.0,5.0,0.0,0.0,0.0,0.0,0.0,0.0,1
19,0,27.400000000000006,-1,2,5,3,0,0,-2,0,-65.0,52.5,-24.447058823529403,-1.0,1.5,3.0,-0.5045454545454611,2.0820000000000007,-4.0,6.826363636363638,6.815999999999995,1.0,-3.0,-9.0,-15.0,-7.0,-7.0,-7.0,0.0,0.0,0.0,0.0,0
20,0,-15.599999999999994,1,0,2,0,0,0,0,0,19.0,46.0,-38.357142857142854,1.0,2.0,2.0,5.768181818181823,6.310000000000002,4.0,13.803472222222226,10.369999999999997,-1.0,3.0,2.0,2.0,6.0,6.0,0.0,0.0,0.0,0.0,0.0,1
21,0,-23.900000000000006,1,0,-1,1,1,3,0,-3,44.0,-30.0,0.0,1.0,-1.0,-1.0,4.87282828282828,6.688000000000002,5.0,-5.202142857142864,-3.5219999999999985,0.0,0.0,-4.0,-4.0,-8.0,-8.0,-8.0,-8.0,0.0,0.0,0.0,1
22,2,-9.0,0,0,-1,2,0,2,2,3,-3.0,-71.0,73.66666666666667,0.0,-1.0,-1.0,0.2990909090908964,0.4060000000000059,-12.0,2.633636363636363,-2.2360000000000007,-15.0,8.0,12.0,9.0,5.0,0.0,0.0,0.0,0.0,0.0,0.0,1
23,0,26.60000000000001,0,2,0,0,0,1,0,0,29.0,25.0,0.0,1.0,0.0,0.0,25.377272727272725,30.630000000000003,0.0,-63.76800000000001,-28.684000000000005,0.0,11.0,9.0,9.0,5.0,0.0,0.0,0.0,0.0,0.0,0.0,0
24,0,1.90000000000002,0,-7,-4,-4,-2,-4,0,-3,-157.0,-152.0,-82.58823529411765,-2.0,-1.0,-1.0,-34.0009090909091,-43.848,-34.0,28.65818181818182,24.49,-11.0,-1.0,1.0,1.0,5.0,0.0,0.0,0.0,0.0,0.0,0.0,0
25,0,4.700000000000003,0,0,1,6,4,2,-5,0,4.5,-132.0,-82.93333333333334,-0.5,-1.5,-2.0,9.777272727272731,11.557999999999993,35.0,-0.11027272727272219,0.7820000000000036,4.0,1.0,1.0,1.0,5.0,0.0,0.0,0.0,0.0,0.0,0.0,1
26,1,12.599999999999994,0,4,2,3,1,2,2,6,102.0,27.0,17.06666666666667,1.0,0.0,0.0,-1.3527272727272859,2.411999999999999,7.0,-1.6472727272727283,-3.201999999999998,-4.0,-1.0,5.0,5.0,5.0,0.0,0.0,0.0,0.0,0.0,0.0,1
27,0,-1.8999999999999915,0,0,3,2,1,0,3,11,-66.0,37.0,-47.19999999999999,-1.0,1.0,1.0,3.7845454545454515,5.448,-11.0,6.920909090909088,1.6700000000000017,-9.0,1.0,3.0,-3.0,5.0,0.0,0.0,0.0,0.0,0.0,0.0,0
28,1,-4.6000000000000085,0,0,1,0,0,-1,-2,4,22.0,-5.0,0.0,0.5,0.0,0.0,3.7072727272727377,3.544000000000004,-3.0,3.8018181818181844,5.167999999999999,12.0,-4.0,-4.0,-4.0,0.0,0.0,0.0,0.0,0.0,0.0,0.0,0
29,2,-19.799999999999997,1,0,-2,2,1,1,-5,-22,-29.0,99.0,39.8,-1.5,0.0,0.0,-0.5709090909090939,0.823999999999991,27.0,9.282727272727271,4.800000000000001,10.0,1.0,3.0,9.0,5.0,0.0,0.0,0.0,0.0,0.0,0.0,1
30,0,17.4,0,-6,-5,-2,-1,-3,-1,2,-250.0,-143.0,-145.4,-1.0,-0.5,-1.0,-15.287272727272732,-12.257999999999996,-43.0,-3.6866666666666603,-12.372666666666664,-34.0,0.0,-10.0,-13.0,-5.0,0.0,0.0,0.0,0.0,0.0,0.0,0
31,0,19.199999999999996,-1,0,-2,-1,0,-2,0,0,-34.0,0.0,0.0,1.0,0.0,-1.0,6.639740259740261,-1.456000000000003,-5.0,-25.736071428571428,-38.6675,0.0,0.0,0.0,0.0,0.0,0.0,0.0,0.0,0.0,0.0,0.0,0
32,0,1.8999999999999915,-1,0,3,3,2,0,0,0,41.5,-27.0,71.53333333333333,-0.5,0.0,0.0,2.2454545454545425,2.3479999999999954,1.0,10.610000000000007,12.89,8.0,0.0,-2.0,0.0,0.0,0.0,0.0,0.0,0.0,0.0,0.0,0
33,0,-13.600000000000009,0,0,1,1,0,0,0,2,33.0,46.0,31.285714285714285,0.0,1.0,1.0,-3.9127272727272704,0.2879999999999967,2.0,32.403000000000006,2.5980000000000025,1.0,2.0,0.0,-3.0,1.0,6.0,0.0,0.0,0.0,0.0,0.0,0
34,0,-12.600000000000001,0,0,0,0,0,0,0,2,2.0,2.0,0.0,0.0,0.0,0.0,17.166666666666668,25.8,0.0,-54.166666666666664,-54.166666666666664,0.0,-4.0,0.0,0.0,0.0,0.0,0.0,0.0,0.0,0.0,0.0,1
35,0,31.299999999999997,0,2,3,1,1,1,2,0,140.0,23.0,-44.2,0.5,-1.0,-1.0,2.2372727272727246,5.7039999999999935,32.0,2.4790909090908997,2.676000000000002,4.0,-2.0,-6.0,-6.0,-6.0,-6.0,0.0,0.0,0.0,0.0,0.0,0
36,1,9.600000000000001,0,0,-3,-3,-1,-3,0,-1,130.0,-77.0,38.27843137254901,1.0,-1.0,-1.0,-7.527272727272734,-8.818000000000005,10.0,-7.974545454545453,-1.836000000000002,1.0,-4.0,-4.0,-1.0,-5.0,0.0,0.0,0.0,0.0,0.0,0.0,0
37,0,-5.300000000000011,0,-2,-2,-1,-1,-1,0,1,-117.0,-77.0,0.0,1.0,-1.0,-1.0,-4.794431818181817,-7.68,-13.0,-31.408,-39.43600000000001,-4.0,-10.0,-10.0,-4.0,0.0,0.0,0.0,0.0,0.0,0.0,0.0,0
38,0,0.0,-1,2,4,4,2,3,-3,0,8.0,39.5,11.941176470588246,0.0,-0.5,1.0,8.211818181818181,11.497999999999998,15.0,10.02545454545454,8.969999999999995,8.0,-1.0,-3.0,-6.0,-2.0,-7.0,-7.0,0.0,0.0,0.0,0.0,1
39,2,-10.799999999999997,0,-4,-2,-3,-2,1,0,-5,-141.0,-12.0,-33.24761904761905,-1.0,0.0,0.0,-2.2509090909090936,-0.769999999999996,-9.0,3.0588636363636326,-2.368000000000002,-7.0,-2.0,1.0,1.0,5.0,0.0,0.0,0.0,0.0,0.0,0.0,0
40,0,13.0,0,2,1,1,0,1,0,0,62.0,71.0,31.285714285714285,1.0,1.0,1.0,21.464545454545455,30.918,2.0,-31.365000000000002,-26.086000000000002,1.0,13.0,9.0,6.0,6.0,6.0,0.0,0.0,0.0,0.0,0.0,0
41,0,-2.500000000000007,1,1,1,0,0,2,0,0,9.0,11.0,0.0,0.0,0.0,0.0,23.15909090909091,37.038,1.0,-20.93,-19.45,0.0,1.0,-1.0,-7.0,-4.0,0.0,0.0,0.0,0.0,0.0,0.0,0
42,0,-16.5,0,0,-1,-3,0,0,1,0,189.0,0.0,80.29411764705883,2.0,0.0,1.0,-1.9945454545454524,-6.992000000000001,7.0,3.3563636363636355,-1.7220000000000013,7.0,7.0,11.0,8.0,0.0,0.0,0.0,0.0,0.0,0.0,0.0,1
43,1,30.400000000000006,-1,0,1,0,-2,0,2,-19,-214.0,-22.0,0.0,-3.0,0.0,0.0,-0.6636363636363676,0.2540000000000049,-35.0,-0.7245454545454564,0.8439999999999941,-2.0,-4.0,-6.0,-9.0,-5.0,0.0,0.0,0.0,0.0,0.0,0.0,1
44,0,-5.399999999999999,0,-5,-5,-6,-4,-3,1,-2,-188.5,18.0,54.8,-0.5,1.0,2.0,-14.448181818181823,-16.171999999999997,-45.0,3.437444444444438,-2.8859999999999992,-10.0,-2.0,-4.0,-1.0,-5.0,0.0,0.0,0.0,0.0,0.0,0.0,0
45,0,6.099999999999994,-1,-2,-2,0,0,0,0,-7,-99.0,-87.0,0.0,0.0,-2.0,-2.0,-2.766250000000003,-7.3160000000000025,-4.0,-23.861250000000005,-32.39,0.0,-13.0,-9.0,-6.0,-6.0,-6.0,0.0,0.0,0.0,0.0,0.0,0
46,0,9.0,0,2,3,3,2,0,0,0,180.0,-25.0,71.53333333333333,1.0,-1.0,-1.0,9.088181818181816,7.429999999999996,13.0,16.29252525252525,11.998000000000001,9.0,0.0,-6.0,-6.0,-10.0,-10.0,-10.0,-10.0,-10.0,-10.0,0.0,1
47,0,15.999999999999993,-1,0,1,-1,-1,0,0,0,80.0,35.0,107.33333333333333,0.0,0.0,0.0,3.799090909090907,7.8700000000000045,-9.0,-1.787272727272729,-1.0080000000000027,5.0,-1.0,0.0,-4.0,0.0,0.0,0.0,0.0,0.0,0.0,0.0,0
48,0,15.499999999999993,-1,-4,-3,-1,-1,-2,0,6,-62.0,-69.0,-76.85714285714286,-0.5,0.0,0.0,-2.523636363636367,-4.536000000000001,-35.0,5.658863636363634,1.477999999999998,-13.0,4.0,5.0,5.0,5.0,0.0,0.0,0.0,0.0,0.0,0.0,1
49,0,-17.4,1,0,2,2,1,3,0,-3,141.0,22.0,39.857142857142854,2.0,0.0,0.0,10.22909090909091,9.064,21.0,23.026222222222223,14.058,1.0,3.0,4.0,4.0,0.0,0.0,0.0,0.0,0.0,0.0,0.0,1
50,2,-0.7000000000000028,1,0,1,-1,0,1,0,0,-62.0,19.0,43.42857142857143,1.0,0.0,0.0,-2.0860909090909097,-9.501999999999995,-5.0,-7.473636363636359,6.908000000000005,4.0,-1.0,7.0,4.0,0.0,0.0,0.0,0.0,0.0,0.0,0.0,0
51,0,9.0,0,5,3,3,2,1,0,-3,218.0,13.0,71.53333333333333,2.0,0.0,0.0,26.766363636363636,32.934,15.0,-29.376363636363635,-19.744,9.0,5.0,2.0,-1.0,-5.0,-5.0,-5.0,-5.0,0.0,0.0,0.0,0
52,0,12.800000000000011,0,2,2,2,2,4,0,-5,44.0,12.0,0.0,2.0,0.0,0.0,24.277272727272724,37.754000000000005,8.0,-27.537777777777777,-20.198,2.0,13.0,5.0,5.0,5.0,0.0,0.0,0.0,0.0,0.0,0.0,1
53,0,0.0,0,0,-3,-3,-2,-2,0,-4,-60.0,-73.0,35.142857142857146,0.0,0.0,0.0,-2.3521818181818155,-11.717999999999996,-15.0,-9.613214285714285,-5.899999999999999,1.0,-5.0,1.0,1.0,5.0,0.0,0.0,0.0,0.0,0.0,0.0,0
54,0,10.799999999999997,0,4,3,3,2,1,0,0,95.0,14.0,71.92857142857143,0.0,0.0,0.0,0.898701298701301,0.132000000000005,23.0,21.04200000000001,28.108000000000004,4.0,2.0,-1.0,8.0,0.0,0.0,0.0,0.0,0.0,0.0,0.0,0
55,1,6.799999999999997,0,4,2,0,0,0,0,1,-53.0,87.0,-56.6,-1.0,1.0,1.0,-7.308181818181826,-8.848000000000006,-6.0,-1.2372727272727175,-4.357999999999997,-6.0,0.0,6.0,6.0,6.0,6.0,0.0,0.0,0.0,0.0,0.0,0
56,2,-36.3,1,0,-2,-1,1,2,-4,10,118.0,221.0,122.73333333333333,0.5,2.0,2.0,-3.1845454545454643,-4.734000000000009,24.0,9.985999999999997,6.151999999999994,15.0,5.0,13.0,13.0,5.0,0.0,0.0,0.0,0.0,0.0,0.0,1
57,1,2.3999999999999986,0,5,4,4,2,3,-1,10,106.0,119.5,50.92156862745098,0.0,0.0,-1.0,11.68363636363637,16.325999999999997,31.0,41.288818181818186,18.668000000000003,10.0,2.0,-2.0,-4.0,-8.0,-13.0,-13.0,-13.0,-13.0,-13.0,-13.0,1
58,2,-2.3999999999999986,0,0,-1,2,1,-1,0,-13,77.0,127.0,65.64285714285714,1.0,1.0,1.0,6.061818181818182,10.329999999999991,4.0,7.5674999999999955,8.93,2.0,1.0,5.0,2.0,2.0,7.0,7.0,0.0,0.0,0.0,0.0,1
59,0,15.699999999999989,0,1,1,1,0,3,0,5,4.0,0.0,0.0,0.0,0.0,0.0,12.998888888888889,20.866,0.0,-21.932,-21.932,1.0,6.0,4.0,1.0,-4.0,0.0,0.0,0.0,0.0,0.0,0.0,0
60,0,-6.000000000000007,1,0,0,-1,0,0,0,0,62.0,-104.0,2.785714285714292,0.5,-1.0,-1.0,-3.59363636363636,-4.6159999999999926,9.0,-0.6668181818181758,4.947999999999997,3.0,-4.0,-6.0,-3.0,-7.0,-7.0,-7.0,0.0,0.0,0.0,0.0,0
61,0,4.299999999999997,0,-5,-5,-3,0,-3,0,-3,-31.0,-31.0,-34.333333333333336,0.0,0.0,0.0,-28.71818181818181,-37.778,-8.0,30.234444444444446,25.312000000000005,-1.0,-8.0,-4.0,-4.0,0.0,0.0,0.0,0.0,0.0,0.0,0.0,0
62,1,17.099999999999994,-1,0,0,-3,-2,0,3,7,-25.0,-22.0,80.29411764705883,-1.0,0.0,1.0,-2.65818181818182,-6.737999999999996,-28.0,2.631818181818179,-0.8780000000000072,5.0,3.0,5.0,-1.0,-5.0,0.0,0.0,0.0,0.0,0.0,0.0,1
63,0,-19.400000000000006,0,0,1,0,0,1,0,0,0.0,-3.0,0.0,-1.0,0.0,0.0,1.5311111111111089,1.9879999999999995,2.0,6.059999999999999,6.059999999999999,1.0,4.0,6.0,12.0,0.0,0.0,0.0,0.0,0.0,0.0,0.0,0
64,0,0.20000000000000284,0,-2,0,0,0,-1,0,-8,45.0,3.0,0.0,-1.0,0.0,0.0,1.9448214285714265,5.630000000000003,0.0,7.757999999999996,7.757999999999996,1.0,12.0,9.0,0.0,0.0,0.0,0.0,0.0,0.0,0.0,0.0,1
65,0,-15.300000000000004,0,2,0,0,0,1,-3,0,80.0,-6.0,0.0,1.0,0.0,0.0,3.6227272727272712,2.549999999999997,4.0,4.631919191919188,6.34,3.0,5.0,1.0,4.0,0.0,0.0,0.0,0.0,0.0,0.0,0.0,1
66,0,-12.0,1,5,2,2,1,2,-1,0,155.0,213.0,67.93333333333334,-0.5,0.5,0.0,4.099999999999998,5.437999999999995,37.0,5.955555555555556,6.903999999999996,16.0,2.0,6.0,9.0,5.0,0.0,0.0,0.0,0.0,0.0,0.0,1
67,0,31.700000000000003,-1,-4,0,0,0,-1,-3,-6,-143.0,-112.5,-70.6470588235294,-1.0,-1.0,0.0,-11.558181818181826,-6.641999999999996,-19.0,4.016969696969696,-1.2066666666666706,-3.0,-4.0,-12.0,-15.0,-7.0,-7.0,-7.0,0.0,0.0,0.0,0.0,0
68,0,-0.4000000000000057,0,0,0,2,1,1,0,0,-118.0,-103.0,0.0,-1.0,-1.0,-1.0,-5.5000000000000036,-6.699999999999996,-17.0,4.514909090909093,-0.4579999999999984,-14.0,9.0,11.0,8.0,0.0,0.0,0.0,0.0,0.0,0.0,0.0,0
69,0,31.800000000000004,-1,0,0,0,0,0,0,0,-6.0,-5.5,-6.846153846153846,0.0,0.0,0.0,-10.345909090909092,-11.282,-2.0,-14.977142857142859,-26.402000000000005,0.0,-1.0,1.0,4.0,0.0,0.0,0.0,0.0,0.0,0.0,0.0,0
70,0,16.800000000000004,0,-1,-1,0,0,-2,0,3,-77.0,-1.0,-38.285714285714285,-1.0,0.0,0.0,-24.515454545454542,-32.164,-6.0,26.317500000000003,22.112000000000002,-2.0,-7.0,-8.0,-5.0,-5.0,0.0,0.0,0.0,0.0,0.0,0.0,0
71,0,13.5,0,4,0,0,0,1,0,4,35.0,38.0,38.357142857142854,0.0,0.0,0.0,-4.9467532467532465,-4.624000000000002,0.0,2.299777777777784,14.262000000000008,0.0,-2.0,-2.0,4.0,0.0,0.0,0.0,0.0,0.0,0.0,0.0,1
72,2,1.20000000000001,0,0,-1,-3,-1,-3,4,-2,61.0,-152.0,-82.58823529411765,0.0,1.0,2.0,-5.883636363636366,-5.175999999999995,33.0,-6.3463636363636375,-3.988000000000003,-2.0,-6.0,-6.0,-9.0,-5.0,0.0,0.0,0.0,0.0,0.0,0.0,0
73,2,-12.599999999999994,0,-4,-2,-3,-1,-2,-2,-1,-102.0,-27.0,-17.06666666666667,-1.0,0.0,0.0,1.3527272727272859,-2.411999999999999,-7.0,1.6472727272727283,3.201999999999998,4.0,1.0,-5.0,-5.0,-5.0,0.0,0.0,0.0,0.0,0.0,0.0,0
74,0,-37.800000000000004,1,0,0,0,0,0,-1,-2,56.5,72.0,61.93333333333333,0.0,1.0,1.0,-3.1700000000000017,-12.146,13.0,-12.706527777777783,-13.172,3.0,6.0,2.0,2.0,-1.0,-6.0,0.0,0.0,0.0,0.0,0.0,1
75,0,-3.1999999999999886,0,-1,-1,0,0,-2,0,0,-75.0,1.0,-38.285714285714285,-1.0,0.0,0.0,-7.348787878787874,-6.364000000000001,-6.0,-27.84916666666666,-32.05466666666666,-2.0,-11.0,-8.0,-5.0,-5.0,0.0,0.0,0.0,0.0,0.0,0.0,0
76,1,-22.0,0,-2,-4,-1,-1,0,0,-1,-162.0,-18.0,44.2,-1.0,1.0,1.0,-5.944545454545462,-9.247999999999998,-29.0,-6.280909090909084,-7.844000000000001,-16.0,6.0,10.0,10.0,6.0,6.0,0.0,0.0,0.0,0.0,0.0,0
77,2,5.6000000000000085,0,0,0,0,0,0,0,0,-1.0,-4.0,0.0,0.0,0.0,0.0,16.46875,26.650000000000002,0.0,26.732,26.732,0.0,0.0,-1.0,5.0,5.0,0.0,0.0,0.0,0.0,0.0,0.0,0
78,0,0.3999999999999986,0,0,1,-1,0,0,0,-1,-93.0,38.0,0.0,-1.0,1.0,1.0,-6.642555555555557,-13.527999999999999,-8.0,4.717142857142864,7.972000000000005,0.0,-2.0,4.0,4.0,8.0,8.0,8.0,8.0,0.0,0.0,0.0,0
79,2,1.1000000000000014,-1,0,1,0,0,1,0,0,56.0,-73.0,0.0,2.0,-2.0,-2.0,6.0909090909090935,6.961999999999996,17.0,-0.7823611111111148,2.9840000000000018,5.0,-1.0,-5.0,-2.0,-6.0,-6.0,0.0,0.0,0.0,0.0,0.0,1
80,0,0.0,0,0,-3,-3,-2,-2,0,0,-60.0,-73.0,35.142857142857146,0.0,0.0,0.0,-2.3521818181818155,-11.717999999999996,-15.0,-9.613214285714285,-5.899999999999999,1.0,-5.0,1.0,1.0,5.0,0.0,0.0,0.0,0.0,0.0,0.0,0
81,0,5.8999999999999915,-1,4,2,0,0,0,2,0,9.0,-106.5,-17.65416666666667,0.0,-1.0,-1.0,-8.939999999999998,-12.216000000000001,-14.0,4.61363636363637,-1.4960000000000022,-11.0,0.0,-2.0,1.0,5.0,0.0,0.0,0.0,0.0,0.0,0.0,1
82,2,-8.100000000000001,0,-4,-3,-5,-3,-3,-1,10,-167.0,-8.5,102.4,-2.0,0.0,0.0,-5.220909090909089,-11.439999999999998,-11.0,0.09399999999999409,-1.0899999999999999,-1.0,0.0,-3.0,-5.0,-5.0,0.0,0.0,0.0,0.0,0.0,0.0,0
83,0,11.600000000000001,0,0,0,-2,-2,-1,0,0,-69.0,-79.0,23.23076923076923,-1.0,-1.0,-1.0,2.0014545454545463,-0.681999999999995,-7.0,-6.713214285714287,-6.381999999999998,-1.0,-4.0,2.0,-4.0,0.0,0.0,0.0,0.0,0.0,0.0,0.0,1
84,0,2.700000000000003,0,-5,-3,0,0,-2,0,1,-10.0,-10.0,0.0,0.0,0.0,0.0,-7.358787878787876,-6.658000000000005,-4.0,-16.314166666666665,-21.034666666666666,-1.0,-12.0,-8.0,-5.0,-5.0,0.0,0.0,0.0,0.0,0.0,0.0,0
85,0,-5.1000000000000085,0,-4,-2,-1,-1,-2,0,0,-72.0,-74.0,0.0,0.0,-1.0,-1.0,-2.8496103896103904,-2.049999999999997,-13.0,-23.650000000000006,-31.678000000000008,-3.0,2.0,-1.0,-4.0,0.0,0.0,0.0,0.0,0.0,0.0,0.0,1
86,0,-9.199999999999989,0,0,0,0,0,0,0,0,-1.0,-2.0,0.0,0.0,0.0,0.0,-3.8125,-1.1000000000000014,0.0,-1.426000000000002,-1.426000000000002,0.0,1.0,-1.0,-1.0,-1.0,-6.0,0.0,0.0,0.0,0.0,0.0,0
87,0,4.999999999999993,0,2,5,2,1,0,3,0,63.0,34.0,-63.266666666666666,0.5,0.33333333333333337,0.0,-0.6472727272727319,2.2440000000000033,12.0,-2.1443434343434333,4.322000000000003,10.0,-3.0,-7.0,5.0,5.0,0.0,0.0,0.0,0.0,0.0,0.0,1
88,0,-15.600000000000001,0,-2,-1,-1,0,0,0,14,-141.0,2.0,0.0,-1.0,1.0,1.0,-8.417000000000002,-14.296,-9.0,-16.873999999999995,-17.801999999999996,-1.0,-12.0,-4.0,-4.0,0.0,0.0,0.0,0.0,0.0,0.0,0.0,0
89,0,-27.199999999999996,1,0,1,1,0,1,0,-2,12.0,-34.0,0.0,-1.0,-2.0,-1.0,-0.9018181818181894,2.3400000000000034,-3.0,8.891298701298702,-1.0060000000000002,0.0,-2.0,-10.0,-4.0,0.0,0.0,0.0,0.0,0.0,0.0,0.0,0
90,0,20.099999999999994,0,0,2,3,0,1,0,0,19.0,19.0,34.333333333333336,0.0,0.0,0.0,4.192727272727268,5.319999999999993,4.0,7.618055555555554,7.819999999999993,0.0,0.0,-4.0,-1.0,-5.0,0.0,0.0,0.0,0.0,0.0,0.0,0
91,0,13.600000000000009,0,0,-1,-1,0,0,0,2,-33.0,-46.0,-31.285714285714285,0.0,-1.0,-1.0,3.9127272727272704,-0.2879999999999967,-2.0,-32.403000000000006,-2.5980000000000025,-1.0,-2.0,0.0,3.0,-1.0,-6.0,0.0,0.0,0.0,0.0,0.0,0
92,0,5.300000000000011,-1,-2,-2,-1,-1,0,0,0,-113.0,3.0,-68.42857142857143,-0.5,1.0,1.0,-9.315454545454546,-12.668000000000003,-15.0,-14.717070707070707,-12.488,-6.0,4.0,6.0,6.0,10.0,10.0,10.0,10.0,10.0,10.0,0.0,0
93,0,-6.000000000000007,0,0,1,3,1,3,-4,0,-61.0,152.0,82.58823529411765,0.0,-1.0,-2.0,5.883636363636366,5.175999999999995,-33.0,6.3463636363636375,3.988000000000003,2.0,6.0,6.0,9.0,5.0,0.0,0.0,0.0,0.0,0.0,0.0,1
94,2,18.199999999999996,-1,0,0,0,0,0,0,0,0.0,1.5,-6.846153846153846,0.0,0.0,0.0,-0.5942424242424273,1.695999999999998,-2.0,3.3000000000000043,-4.028000000000002,0.0,1.0,4.0,5.0,5.0,0.0,0.0,0.0,0.0,0.0,0.0,0
95,0,6.799999999999997,0,0,-2,0,0,-1,0,2,-24.0,-15.0,0.0,0.0,-0.5,0.0,4.503376623376624,-1.8880000000000052,-1.0,-28.003214285714282,-34.7495,-4.0,-4.0,-10.0,-4.0,0.0,0.0,0.0,0.0,0.0,0.0,0.0,0
96,1,11.70000000000001,0,2,2,0,0,0,-1,9,5.0,122.0,102.4,0.0,1.0,0.0,4.119090909090911,4.596000000000004,33.0,7.916636363636364,-1.1280000000000001,7.0,-3.0,0.0,-5.0,-5.0,0.0,0.0,0.0,0.0,0.0,0.0,0
97,0,12.79999999999999,0,-8,-2,-1,-1,-2,1,0,-218.0,-174.0,-144.93333333333334,-2.0,-1.0,-1.0,-5.007272727272724,-5.167999999999999,-54.0,-9.00919191919192,-5.010000000000002,-16.0,-2.0,-2.0,1.0,5.0,0.0,0.0,0.0,0.0,0.0,0.0,0
98,0,19.79999999999999,0,6,4,3,2,2,0,-8,136.0,15.0,0.0,2.0,0.0,0.0,24.872727272727275,35.106,20.0,-31.356,-25.253999999999998,6.0,13.0,11.0,8.0,0.0,0.0,0.0,0.0,0.0,0.0,0.0,1
99,0,2.700000000000003,0,0,-3,-3,-2,0,0,-4,-60.0,24.0,-33.57142857142858,0.0,0.0,0.0,-5.8454545454545475,-4.756000000000007,-23.0,-18.742222222222225,-13.845999999999997,-4.0,-4.0,-1.0,-4.0,0.0,0.0,0.0,0.0,0.0,0.0,0.0,0
100,1,-6.299999999999997,0,0,0,2,3,3,-1,-7,190.0,135.5,0.0,2.0,1.0,0.0,7.614545454545453,10.854,39.0,0.46172727272727343,0.9880000000000031,11.0,2.0,6.0,9.0,5.0,0.0,0.0,0.0,0.0,0.0,0.0,1
101,0,18.9,-1,0,2,0,-1,-1,0,-1,-136.0,-39.0,-78.21428571428571,-1.0,0.0,0.0,-2.4309090909090934,2.8320000000000007,-7.0,-7.0015,-5.821999999999996,-2.0,-5.0,-11.0,-8.0,0.0,0.0,0.0,0.0,0.0,0.0,0.0,1
102,0,-11.400000000000006,1,0,0,-1,-1,-1,0,2,-18.0,10.0,0.0,1.0,1.0,1.0,-2.028181818181814,-0.3639999999999972,-9.0,-7.546749999999996,-7.046000000000003,-4.0,3.0,-1.0,2.0,6.0,6.0,0.0,0.0,0.0,0.0,0.0,1
103,1,-13.299999999999997,0,-2,-1,-1,-1,0,3,10,-138.0,37.5,-50.219607843137254,-1.0,1.5,0.0,-0.6845454545454466,-2.6799999999999926,-25.0,-2.0509090909090872,-7.133999999999993,-9.0,5.0,7.0,7.0,7.0,7.0,7.0,0.0,0.0,0.0,0.0,0
104,0,8.399999999999991,-1,0,-2,-1,-1,0,0,0,25.5,5.0,-68.42857142857143,1.0,0.0,0.0,-2.4727272727272727,-7.586000000000002,-3.0,-9.034545454545462,-13.379999999999999,-5.0,4.0,2.0,0.0,0.0,0.0,0.0,0.0,0.0,0.0,0.0,1
105,0,-3.3000000000000185,0,0,1,1,1,0,0,9,129.0,-126.0,5.890476190476193,1.0,-1.0,-1.0,-3.8209090909090904,-9.854,7.0,0.9086363636363686,4.457999999999998,6.0,0.0,-6.0,-3.0,-7.0,-7.0,-7.0,0.0,0.0,0.0,0.0,1
106,0,4.700000000000003,-1,5,4,0,0,1,1,0,138.0,-2.0,49.86666666666666,0.0,-1.0,-2.0,3.1363636363636367,2.5580000000000034,21.0,40.34518181818183,18.724,5.0,-1.0,-3.0,-8.0,-8.0,-13.0,-13.0,-13.0,-13.0,-13.0,-13.0,0
107,0,-10.899999999999991,1,2,0,0,0,0,0,0,138.5,2.0,0.0,1.5,-1.0,-1.0,6.842727272727274,5.082000000000001,12.0,5.682525252525245,-0.8919999999999995,1.0,0.0,-4.0,-6.0,-10.0,-10.0,-10.0,-10.0,-10.0,-10.0,0.0,1
108,0,-6.000000000000007,1,5,2,1,1,1,0,0,151.0,35.0,68.42857142857143,1.5,0.0,0.0,26.993636363636366,38.172000000000004,17.0,-30.95181818181818,-19.254,6.0,1.0,2.0,-1.0,-5.0,-5.0,-5.0,-5.0,0.0,0.0,0.0,1
109,0,-33.400000000000006,1,-6,-5,-3,0,0,-4,-2,-22.5,25.0,61.93333333333333,0.0,1.0,1.0,-3.087272727272733,-7.522000000000006,0.0,2.4382222222222154,-3.320000000000004,0.0,4.0,8.0,8.0,5.0,0.0,0.0,0.0,0.0,0.0,0.0,1
110,0,18.400000000000006,0,0,1,-1,-2,2,0,0,-55.0,7.0,-71.92857142857143,1.0,0.0,0.0,1.9527272727272695,7.1399999999999935,-9.0,-2.717500000000001,-5.609999999999992,-5.0,-6.0,-8.0,-8.0,0.0,0.0,0.0,0.0,0.0,0.0,0.0,1
111,0,14.799999999999997,0,0,-1,0,0,0,0,0,-2.0,19.0,0.0,0.0,1.5,2.0,-1.2345454545454473,-2.7720000000000056,7.0,-11.158441558441556,4.924000000000003,-4.0,-2.0,0.0,0.0,0.0,0.0,0.0,0.0,0.0,0.0,0.0,0
112,2,10.300000000000004,-1,0,2,0,0,3,0,0,-12.0,35.0,46.71428571428571,0.0,0.0,0.0,0.045454545454543194,-1.4720000000000013,24.0,-1.024545454545457,-4.3359999999999985,9.0,-2.0,-4.0,-4.0,0.0,0.0,0.0,0.0,0.0,0.0,0.0,0
113,0,-9.299999999999997,0,-5,-4,-3,-2,0,-2,-1,-170.0,-79.5,-42.0,0.0,0.0,1.0,-7.940909090909088,-12.955999999999992,-30.0,-40.235181818181815,-18.502000000000002,-2.0,1.0,3.0,8.0,8.0,13.0,13.0,13.0,13.0,13.0,13.0,0
114,0,10.899999999999991,0,2,0,0,0,0,0,0,80.0,41.0,38.357142857142854,-1.0,0.0,0.0,-3.00193181818182,1.0060000000000002,0.0,10.05777777777778,22.020000000000003,1.0,10.0,7.0,4.0,0.0,0.0,0.0,0.0,0.0,0.0,0.0,1
115,1,2.3999999999999986,0,0,0,-4,-2,-2,2,14,32.0,-121.5,-1.0549019607843206,0.0,-1.0,-1.0,-8.547272727272734,-13.767999999999994,-10.0,-0.943636363636358,0.055999999999997385,-5.0,-3.0,-1.0,-4.0,0.0,0.0,0.0,0.0,0.0,0.0,0.0,0
116,0,-52.800000000000004,0,1,0,0,0,1,-2,0,51.0,32.5,31.666666666666668,2.0,1.0,2.0,22.317272727272726,27.522000000000002,3.0,-69.947,-43.158,1.0,2.0,8.0,13.0,13.0,13.0,13.0,13.0,13.0,13.0,13.0,1
117,0,34.7,0,-6,-4,0,0,0,-3,2,-248.0,7.0,-62.627450980392155,-2.0,0.0,-1.0,-3.5881818181818197,-4.112000000000002,-15.0,-0.8403030303030299,1.992000000000008,-4.0,-9.0,-10.0,-4.0,0.0,0.0,0.0,0.0,0.0,0.0,0.0,0
118,2,-6.299999999999997,0,-4,-2,0,0,0,-5,-1,-100.0,-120.0,-82.93333333333334,-1.0,-1.5,-2.0,7.191818181818185,13.094000000000001,31.0,3.2516161616161625,-0.37799999999999656,-4.0,0.0,0.0,6.0,6.0,6.0,0.0,0.0,0.0,0.0,0.0,0
119,0,-13.799999999999997,0,0,2,2,2,3,0,0,15.0,-13.0,0.0,1.0,0.0,0.0,-1.1000000000000014,7.124000000000002,8.0,36.23022222222223,8.486000000000004,2.0,2.0,-4.0,-4.0,0.0,0.0,0.0,0.0,0.0,0.0,0.0,0
120,0,-8.0,0,0,0,0,0,0,0,-4,-3.0,-3.0,0.0,0.0,0.0,0.0,-34.75,-47.2,-1.0,23.906,23.906,0.0,2.0,-1.0,2.0,-6.0,-6.0,0.0,0.0,0.0,0.0,0.0,0
121,1,1.5,0,-8,-5,-3,0,-1,-2,0,-71.0,4.0,3.6,-1.0,0.0,0.0,7.670909090909088,6.7719999999999985,-8.0,-5.107272727272729,-0.21999999999999886,-1.0,-3.0,-3.0,0.0,0.0,0.0,0.0,0.0,0.0,0.0,0.0,0
122,0,-6.799999999999997,0,0,2,0,0,1,0,0,24.0,15.0,0.0,0.0,0.5,0.0,-4.503376623376624,1.8880000000000052,1.0,28.003214285714282,34.7495,4.0,4.0,10.0,4.0,0.0,0.0,0.0,0.0,0.0,0.0,0.0,0
123,1,-2.5,1,0,2,2,1,-1,-3,-4,58.0,-163.0,-144.93333333333334,2.0,-1.0,-1.0,1.004545454545461,2.309999999999995,-10.0,3.7081818181818207,-0.5399999999999991,-14.0,2.0,2.0,5.0,5.0,0.0,0.0,0.0,0.0,0.0,0.0,0
124,0,-17.099999999999994,1,0,-1,-3,-2,0,0,-2,-41.0,70.0,-71.92857142857143,1.0,2.0,2.0,-0.0772727272727245,1.553999999999995,-19.0,-4.938749999999999,-3.475999999999999,-5.0,-1.0,1.0,-2.0,6.0,6.0,0.0,0.0,0.0,0.0,0.0,1
125,0,0.0,0,3,0,0,0,1,0,-3,38.0,38.0,0.0,1.0,1.0,1.0,17.67818181818182,25.504,2.0,-45.66888888888889,-31.742,0.0,5.0,8.0,5.0,5.0,5.0,5.0,5.0,10.0,10.0,0.0,1
126,0,-5.8999999999999915,1,4,2,0,0,1,0,1,54.0,84.0,0.0,1.0,2.0,2.0,0.8214285714285765,1.686,4.0,16.10325000000001,24.632000000000005,-1.0,1.0,0.0,6.0,6.0,6.0,0.0,0.0,0.0,0.0,0.0,1
127,0,-18.199999999999996,1,0,0,-1,0,-1,0,0,5.0,11.0,0.0,0.0,0.0,0.0,10.160202020202021,16.171999999999997,1.0,1.001999999999999,2.4819999999999993,-1.0,-5.0,-5.0,-8.0,0.0,0.0,0.0,0.0,0.0,0.0,0.0,0
128,0,-4.5,0,0,0,-3,-1,-2,-2,-1,-155.0,60.0,-73.66666666666667,-2.0,1.0,1.0,-5.95545454545454,-11.260000000000005,-13.0,0.4100000000000108,-1.1559999999999988,-2.0,1.0,1.0,1.0,1.0,6.0,0.0,0.0,0.0,0.0,0.0,1
129,0,24.39999999999999,0,-5,-3,0,0,-2,0,0,-12.0,-12.0,0.0,0.0,0.0,0.0,-24.525454545454544,-32.458000000000006,-4.0,37.8525,33.132,-1.0,-8.0,-8.0,-5.0,-5.0,0.0,0.0,0.0,0.0,0.0,0.0,0
130,0,6.099999999999994,0,2,5,0,0,1,5,0,143.0,89.0,19.66666666666667,2.0,1.3333333333333335,1.0,1.8809090909090855,2.9360000000000035,4.0,1.1118181818181796,5.697999999999997,6.0,-1.0,-5.0,4.0,0.0,0.0,0.0,0.0,0.0,0.0,0.0,1
131,0,10.899999999999991,-1,0,2,2,1,0,0,0,-87.5,99.0,65.64285714285714,-1.5,1.0,1.0,6.066363636363633,12.201999999999995,-6.0,9.701363636363638,8.432000000000002,2.0,0.0,4.0,3.0,7.0,7.0,7.0,0.0,0.0,0.0,0.0,0
132,0,-1.1000000000000085,1,2,2,0,0,1,0,-2,129.0,86.0,80.1875,1.0,0.0,0.0,16.680909090909086,20.684000000000005,38.0,37.08,11.354000000000003,17.0,-3.0,0.0,-7.0,-5.0,0.0,0.0,0.0,0.0,0.0,0.0,1
133,0,2.1000000000000014,-1,0,0,0,0,0,0,4,-7.0,-5.5,-6.846153846153846,0.0,0.0,0.0,-25.970909090909092,-34.982,-2.0,31.222857142857144,19.798,0.0,-10.0,-6.0,0.0,0.0,0.0,0.0,0.0,0.0,0.0,0.0,0
134,0,-7.900000000000006,1,2,1,1,1,3,0,6,92.0,6.0,0.0,1.0,-1.0,-1.0,6.647272727272725,7.456000000000003,6.0,16.388999999999996,22.252000000000002,1.0,10.0,4.0,4.0,0.0,0.0,0.0,0.0,0.0,0.0,0.0,1
135,0,-4.299999999999997,0,6,5,3,0,1,1,0,78.0,165.0,46.2,0.0,2.5,3.0,11.053636363636365,8.723999999999997,15.0,2.809393939393942,8.022666666666666,4.0,1.0,3.0,0.0,0.0,0.0,0.0,0.0,0.0,0.0,0.0,1
136,0,-14.799999999999997,0,0,1,0,0,0,0,5,2.0,-19.0,0.0,0.0,-1.5,-2.0,1.2345454545454473,2.7720000000000056,-7.0,11.158441558441556,-4.924000000000003,4.0,2.0,0.0,0.0,0.0,0.0,0.0,0.0,0.0,0.0,0.0,0
137,0,-16.1,0,0,3,0,0,1,0,13,75.0,-27.0,-38.357142857142854,3.0,0.0,0.0,11.859090909090916,13.271999999999998,21.0,13.02111111111111,13.354,4.0,2.0,-3.0,0.0,0.0,0.0,0.0,0.0,0.0,0.0,0.0,1
138,0,34.7,0,-6,-5,0,0,-1,-5,4,-227.5,-181.0,-82.93333333333334,-2.0,-1.0,-2.0,-3.163636363636364,0.13000000000000256,-11.0,4.138282828282826,-1.6459999999999972,-6.0,1.0,3.0,6.0,10.0,10.0,10.0,10.0,10.0,10.0,0.0,0
139,0,-14.300000000000004,0,-5,-4,-2,-1,0,-2,0,-104.0,-59.0,54.8,0.5,0.5,1.0,-2.1427272727272744,-3.922000000000004,-18.0,6.583333333333329,-0.7280000000000015,-10.0,1.0,-1.0,-1.0,-5.0,0.0,0.0,0.0,0.0,0.0,0.0,0
140,0,24.299999999999997,0,5,4,3,0,-1,-2,-2,-11.0,-28.0,0.0,-2.0,-0.5,0.0,7.942727272727275,12.365999999999996,7.0,2.8761616161616104,2.5259999999999962,0.0,-3.0,-3.0,-6.0,-6.0,-6.0,0.0,0.0,0.0,0.0,0.0,1
141,1,18.20000000000001,0,6,4,0,0,0,2,-1,171.0,-5.0,80.29411764705883,2.0,0.0,1.0,-0.26909090909090594,-1.8099999999999987,12.0,10.717272727272732,-2.7480000000000047,4.0,2.0,8.0,-1.0,-5.0,0.0,0.0,0.0,0.0,0.0,0.0,0
142,0,7.799999999999997,-1,0,-2,0,0,-1,0,-8,-19.0,0.0,-8.285714285714285,0.0,1.0,1.0,-1.9390909090909076,-2.3900000000000006,-2.0,1.0061363636363652,-7.351999999999997,-3.0,-3.0,-3.0,-3.0,5.0,0.0,0.0,0.0,0.0,0.0,0.0,0
143,0,-0.19999999999998863,0,0,1,1,2,3,0,0,-18.0,-59.0,-31.285714285714285,1.0,-1.0,-1.0,2.812727272727269,6.836000000000006,6.0,3.8272222222222254,5.888000000000002,1.0,0.0,-4.0,-1.0,-1.0,-6.0,0.0,0.0,0.0,0.0,0.0,0
144,0,-0.19999999999998863,0,0,0,0,0,0,0,0,-5.0,-6.0,0.0,0.0,0.0,0.0,5.560833333333335,9.422000000000004,1.0,2.590857142857139,-1.5060000000000002,0.0,1.0,-2.0,0.0,0.0,0.0,0.0,0.0,0.0,0.0,0.0,0
145,0,-9.899999999999991,0,0,-2,0,0,2,-2,4,26.0,-13.0,115.73333333333333,1.5,0.0,0.0,0.360000000000003,-4.891999999999996,-8.0,4.086363636363636,1.9699999999999989,-4.0,3.0,5.0,-4.0,0.0,0.0,0.0,0.0,0.0,0.0,0.0,0
146,1,-13.0,0,-2,-3,-3,-1,-2,-2,6,-159.0,53.0,-29.46666666666667,-1.0,2.0,2.0,-6.243636363636359,-9.654000000000003,-17.0,-8.914545454545447,-5.6080000000000005,-1.0,-2.0,-2.0,1.0,1.0,6.0,0.0,0.0,0.0,0.0,0.0,0
147,0,-21.800000000000004,0,6,3,3,1,3,2,1,230.0,31.0,73.66666666666667,3.0,0.0,0.0,13.967272727272722,18.748000000000005,25.0,20.67522727272727,9.168000000000003,5.0,12.0,12.0,9.0,5.0,0.0,0.0,0.0,0.0,0.0,0.0,1
148,2,-3.6000000000000085,0,-5,-3,-1,-1,0,-3,6,-167.0,32.5,31.666666666666668,0.0,-1.0,-1.0,-5.800000000000004,-11.150000000000002,-64.0,-34.942454545454545,-14.68,-8.0,4.0,8.0,13.0,13.0,13.0,13.0,13.0,13.0,13.0,13.0,0
149,0,0.3999999999999986,0,0,1,-1,0,0,0,4,-93.0,38.0,0.0,-1.0,1.0,1.0,-6.642555555555557,-13.527999999999999,-8.0,4.717142857142864,7.972000000000005,0.0,-2.0,4.0,4.0,8.0,8.0,8.0,8.0,0.0,0.0,0.0,0
150,0,-23.80000000000002,0,0,0,2,2,1,0,-4,69.0,79.0,-23.23076923076923,1.0,1.0,1.0,-2.0014545454545463,0.681999999999995,7.0,6.713214285714287,6.381999999999998,1.0,4.0,-2.0,4.0,0.0,0.0,0.0,0.0,0.0,0.0,0.0,0
151,0,-6.000000000000007,1,-2,-3,-1,-1,0,-1,-1,-69.0,112.5,70.6470588235294,0.0,-0.5,-3.0,-2.3281818181818146,-6.322000000000003,-48.0,-3.6790909090909025,-4.981999999999992,-6.0,7.0,9.0,15.0,7.0,7.0,7.0,0.0,0.0,0.0,0.0,0
152,0,-25.499999999999986,0,-7,-5,-3,0,-1,-1,-3,-84.0,-165.0,-46.2,-1.0,-3.0,-3.0,-25.284545454545455,-34.432,-15.0,31.857272727272722,26.644,-4.0,1.0,7.0,10.0,10.0,0.0,0.0,0.0,0.0,0.0,0.0,0
153,0,-4.999999999999993,0,-2,-5,-2,-1,0,2,0,-315.0,-57.0,-107.33333333333333,-4.0,0.0,0.0,-11.819090909090914,-20.322,-35.0,-4.797272727272727,-4.715999999999994,-8.0,2.0,1.0,8.0,0.0,0.0,0.0,0.0,0.0,0.0,0.0,0
154,0,0.19999999999998863,-1,6,4,3,2,0,1,0,-51.5,-82.0,-61.93333333333333,-1.0,-1.0,-1.0,-2.5609090909090853,5.1340000000000074,17.0,3.4497777777777827,6.812000000000001,-1.0,-2.0,4.0,-8.0,-5.0,0.0,0.0,0.0,0.0,0.0,0.0,1
155,0,-7.900000000000006,1,2,1,1,1,3,0,0,92.0,6.0,0.0,1.0,-1.0,-1.0,6.647272727272725,7.456000000000003,6.0,16.388999999999996,22.252000000000002,1.0,10.0,4.0,4.0,0.0,0.0,0.0,0.0,0.0,0.0,0.0,1
156,1,-14.699999999999996,1,0,-1,-2,-1,-3,-1,11,24.0,-113.5,0.0,1.0,-1.0,0.0,-6.950909090909086,-11.108000000000004,-4.0,0.26281818181818295,-1.8319999999999972,-9.0,2.0,0.0,0.0,0.0,0.0,0.0,0.0,0.0,0.0,0.0,0
157,0,-37.1,0,6,6,6,4,3,0,9,232.0,49.0,0.0,1.5,-0.5,0.0,12.940909090909095,11.42799999999999,46.0,-4.248555555555548,2.428000000000001,10.0,0.0,-2.0,-5.0,-5.0,-10.0,-10.0,-10.0,-10.0,-10.0,0.0,1
158,0,-25.199999999999996,1,0,-2,0,0,2,-3,3,51.0,154.0,122.73333333333333,0.0,1.0,1.0,1.9572727272727235,1.5159999999999911,19.0,12.538888888888884,6.175999999999995,6.0,3.0,5.0,8.0,0.0,0.0,0.0,0.0,0.0,0.0,0.0,0
159,2,-22.300000000000004,1,0,-2,0,1,2,0,4,41.0,-5.0,-23.23076923076923,0.0,0.0,0.0,-2.0981818181818213,-5.984000000000002,-4.0,3.082499999999996,5.375999999999998,1.0,1.0,-5.0,4.0,0.0,0.0,0.0,0.0,0.0,0.0,0.0,0
160,2,18.000000000000007,-1,0,0,1,1,2,0,5,3.0,1.0,0.0,1.0,1.0,1.0,14.599090909090908,26.310000000000002,2.0,-2.198333333333334,1.4959999999999987,0.0,5.0,3.0,9.0,5.0,0.0,0.0,0.0,0.0,0.0,0.0,0
161,0,-24.499999999999993,0,-1,0,0,0,0,0,1,-6.0,0.0,0.0,-1.0,-0.5,0.0,-14.23090909090909,-25.708000000000006,0.0,34.666666666666664,34.666666666666664,0.0,2.0,10.0,10.0,10.0,0.0,0.0,0.0,0.0,0.0,0.0,0
162,0,-7.800000000000011,1,-4,-2,-3,-2,1,-3,0,-41.0,25.0,25.52083333333333,0.0,0.0,0.0,4.135454545454547,1.818000000000012,5.0,-4.503636363636364,1.718,14.0,0.0,2.0,-1.0,-5.0,0.0,0.0,0.0,0.0,0.0,0.0,0
163,0,18.200000000000003,0,-6,-5,-3,0,0,-2,0,-59.0,7.0,17.666666666666668,0.0,0.0,0.0,-5.582727272727272,-11.104000000000003,-8.0,2.5160606060606057,0.2700000000000067,3.0,-2.0,1.0,4.0,0.0,0.0,0.0,0.0,0.0,0.0,0.0,0
164,1,-14.399999999999999,0,-4,-3,-3,0,0,-2,-3,23.0,127.0,102.4,0.0,1.0,0.0,2.3936363636363645,-0.5859999999999985,28.0,0.5557272727272675,-0.10199999999999676,10.0,2.0,3.0,4.0,0.0,0.0,0.0,0.0,0.0,0.0,0.0,1
165,0,4.299999999999997,-1,-5,0,0,0,-1,-3,0,-149.0,-112.5,-70.6470588235294,-2.0,-1.5,0.0,-25.789090909090916,-32.35,-19.0,38.68363636363636,33.459999999999994,-3.0,-2.0,-2.0,-5.0,3.0,-7.0,-7.0,0.0,0.0,0.0,0.0,0
166,0,-20.199999999999996,0,-6,-4,-1,-1,-1,0,0,-254.0,-118.0,0.0,-3.0,-1.0,-1.0,-30.37272727272728,-41.806,-37.0,35.870909090909095,24.796,-20.0,-4.0,0.0,0.0,0.0,0.0,0.0,0.0,0.0,0.0,0.0,0
167,0,-1.5,0,0,-4,-2,0,-2,0,0,-5.0,17.0,38.357142857142854,-1.0,0.0,0.0,-7.798181818181817,-11.896,-14.0,-16.024722222222223,-8.236000000000004,1.0,2.0,7.0,4.0,0.0,0.0,0.0,0.0,0.0,0.0,0.0,0
168,0,24.299999999999997,0,-4,-3,0,0,-1,4,-5,-165.0,-61.0,0.0,-2.0,-0.5,0.0,-34.88090909090909,-46.504000000000005,-45.0,35.38111111111111,27.174,-4.0,-14.0,-10.0,-10.0,-6.0,-6.0,0.0,0.0,0.0,0.0,0.0,0
169,0,-4.299999999999997,0,6,5,3,0,0,3,0,79.0,47.0,0.0,0.0,0.0,0.0,-0.08272727272726854,-4.623999999999995,13.0,-15.144749999999998,-9.851999999999997,3.0,2.0,-6.0,-6.0,-6.0,-6.0,0.0,0.0,0.0,0.0,0.0,1
170,1,6.099999999999994,0,2,4,0,0,1,-1,-7,40.0,-82.0,10.886274509803926,0.0,-1.5,0.0,-0.335454545454553,-2.269999999999996,5.0,9.081818181818182,9.025999999999993,3.0,-4.0,-4.0,-10.0,-2.0,-7.0,-7.0,0.0,0.0,0.0,0.0,1
171,0,-0.09999999999998721,0,0,-2,-1,0,-2,3,0,-38.0,-143.0,-145.4,0.0,1.0,2.0,-1.4009090909090922,0.7060000000000031,24.0,-4.0245454545454535,-6.184000000000001,-25.0,-3.0,-7.0,-13.0,-5.0,0.0,0.0,0.0,0.0,0.0,0.0,1
172,0,10.699999999999989,0,-6,-4,-3,-2,0,0,0,-5.0,10.0,0.0,1.0,0.0,0.0,5.730909090909087,7.011999999999993,-30.0,9.25675,6.359999999999999,-2.0,-4.0,-6.0,6.0,6.0,6.0,0.0,0.0,0.0,0.0,0.0,0
173,0,-4.099999999999987,0,-7,-3,-1,-1,-1,-4,0,-218.0,0.0,0.0,-2.0,-2.0,-3.0,-28.11727272727273,-38.672000000000004,-67.0,35.00454545454546,28.478,-9.0,5.0,7.0,10.0,10.0,0.0,0.0,0.0,0.0,0.0,0.0,0
174,0,-16.0,0,-5,-1,-1,-1,-3,0,3,-238.0,-90.0,-115.73333333333333,-3.0,0.0,0.0,-2.3027272727272674,-1.166000000000004,-30.0,-6.497386363636352,-9.271999999999998,-3.0,-1.0,1.0,7.0,7.0,7.0,7.0,7.0,7.0,7.0,0.0,0
175,0,-12.300000000000004,1,5,4,1,1,4,0,0,137.0,68.0,115.14285714285714,1.5,0.0,0.0,9.872424242424241,10.900000000000002,41.0,22.190303030303028,30.576666666666664,15.0,7.0,3.0,0.0,0.0,0.0,0.0,0.0,0.0,0.0,0.0,1
176,1,-21.599999999999994,0,-4,-3,-1,-1,0,0,0,-105.0,-98.0,56.6,-1.0,-1.0,-1.0,1.6518181818181823,-2.005999999999993,-19.0,4.280909090909091,0.9659999999999975,-11.0,9.0,7.0,4.0,0.0,0.0,0.0,0.0,0.0,0.0,0.0,1
177,2,-10.300000000000004,1,0,-1,0,0,0,0,-1,17.5,51.0,138.0,0.0,0.0,0.0,8.025454545454547,10.732,74.0,10.859797979797978,2.5440000000000005,-3.0,0.0,-4.0,-1.0,-5.0,0.0,0.0,0.0,0.0,0.0,0.0,1
178,0,15.0,0,4,4,2,0,3,0,5,40.0,21.0,0.0,1.0,0.0,0.0,2.8514285714285705,7.2719999999999985,14.0,18.324500000000008,22.49800000000001,-1.0,-4.0,-9.0,0.0,0.0,0.0,0.0,0.0,0.0,0.0,0.0,1
179,0,42.5,0,-1,-1,0,0,0,-1,0,-43.5,-67.0,-54.8,-1.0,-0.5,-2.0,1.5072727272727278,4.744000000000007,-1.0,0.81111111111111,0.4579999999999984,0.0,2.0,6.0,6.0,10.0,10.0,10.0,10.0,10.0,10.0,0.0,1
180,2,9.199999999999989,0,0,-1,-1,-1,-3,0,0,-6.0,4.0,9.583333333333334,0.0,0.0,0.0,-10.941818181818181,-22.176000000000002,-2.0,-1.5183333333333309,-0.7959999999999994,0.0,-4.0,0.0,-3.0,1.0,6.0,0.0,0.0,0.0,0.0,0.0,0
181,0,-25.89999999999999,0,-5,-3,-1,-1,-1,-2,0,-212.0,-103.0,0.0,-1.5,0.0,0.0,-1.9427272727272644,-6.058,-38.0,-2.411022727272716,-7.302,-7.0,2.0,6.0,3.0,7.0,7.0,7.0,7.0,7.0,7.0,0.0,0
182,0,12.399999999999999,-1,0,0,-1,0,-1,0,0,-10.0,15.0,0.0,1.0,0.5,-1.0,2.1363636363636367,0.43200000000000216,-4.0,2.2671428571428542,-3.918000000000003,4.0,4.0,10.0,4.0,0.0,0.0,0.0,0.0,0.0,0.0,0.0,0
183,0,-5.399999999999999,1,2,5,3,0,0,0,4,21.0,13.0,-44.2,0.0,0.0,0.0,4.104545454545459,6.808,3.0,7.280818181818184,6.255999999999997,-1.0,-7.0,-7.0,-10.0,-6.0,-6.0,0.0,0.0,0.0,0.0,0.0,1
184,0,1.1000000000000014,-1,0,1,0,0,1,0,0,56.0,-73.0,0.0,2.0,-2.0,-2.0,6.0909090909090935,6.961999999999996,17.0,-0.7823611111111148,2.9840000000000018,5.0,-1.0,-5.0,-2.0,-6.0,-6.0,0.0,0.0,0.0,0.0,0.0,1
185,0,-10.299999999999997,0,0,0,0,0,0,0,0,-3.0,-5.0,0.0,0.0,0.0,0.0,-14.46875,-19.45,-1.0,52.064,52.064,0.0,-12.0,-9.0,0.0,0.0,0.0,0.0,0.0,0.0,0.0,0.0,0
186,2,20.000000000000007,0,0,2,-1,-1,-1,0,-16,33.0,-185.0,-64.63921568627451,1.0,-1.0,0.0,-1.653636363636359,-4.428000000000001,-38.0,6.34,-1.4180000000000064,-9.0,5.0,7.0,4.0,0.0,0.0,0.0,0.0,0.0,0.0,0.0,0
187,2,-13.799999999999997,0,0,2,2,2,3,0,5,15.0,-13.0,0.0,1.0,0.0,0.0,-1.1000000000000014,7.124000000000002,8.0,36.23022222222223,8.486000000000004,2.0,2.0,-4.0,-4.0,0.0,0.0,0.0,0.0,0.0,0.0,0.0,0
188,0,-11.600000000000001,0,0,-3,-1,0,-1,0,0,9.0,6.0,11.912087912087916,1.0,1.0,1.0,-4.353636363636362,-11.036000000000001,-8.0,-2.8999999999999986,0.4819999999999993,2.0,-1.0,-1.0,5.0,5.0,0.0,0.0,0.0,0.0,0.0,0.0,0
189,1,14.500000000000007,0,6,5,5,3,3,0,0,172.0,130.5,0.0,2.0,1.0,0.0,9.34,16.036,44.0,7.82263636363637,-0.038000000000000256,8.0,-3.0,3.0,0.0,0.0,0.0,0.0,0.0,0.0,0.0,0.0,1
190,0,-36.699999999999996,1,0,2,2,-1,-1,-2,4,-119.0,-10.0,0.0,-0.5,1.0,1.0,1.8672727272727343,1.1040000000000063,-29.0,4.801727272727284,3.5799999999999947,-5.0,-5.0,-1.0,-4.0,0.0,0.0,0.0,0.0,0.0,0.0,0.0,0
191,2,1.0999999999999943,0,0,-5,-3,0,-2,0,1,145.5,9.0,-34.333333333333336,2.5,0.0,0.0,-4.197272727272718,-7.191999999999997,6.0,-9.751919191919196,-7.321999999999996,0.0,1.0,5.0,0.0,0.0,0.0,0.0,0.0,0.0,0.0,0.0,1
192,0,35.800000000000004,0,-6,-5,-2,-1,0,-3,-2,-147.5,-126.0,0.0,-0.5,0.0,-1.0,-0.6354545454545466,0.8220000000000027,-19.0,7.394444444444439,-0.2700000000000031,-10.0,3.0,5.0,5.0,5.0,10.0,10.0,10.0,10.0,10.0,0.0,0
193,0,-17.999999999999993,0,0,-1,0,-1,1,2,0,115.0,32.0,73.66666666666667,1.0,0.0,0.0,5.7990909090909,7.106000000000002,5.0,-1.88127272727273,-1.7780000000000022,-1.0,-1.0,1.0,1.0,5.0,0.0,0.0,0.0,0.0,0.0,0.0,1
194,0,-35.099999999999994,1,8,4,3,2,1,0,-2,285.0,18.0,-3.6,4.0,0.0,0.0,-7.007272727272721,-7.026000000000003,43.0,5.831818181818186,-0.6239999999999952,3.0,7.0,9.0,9.0,5.0,0.0,0.0,0.0,0.0,0.0,0.0,1
195,0,5.1000000000000085,-1,-4,-1,-2,-1,1,-3,13,-37.5,-116.0,-138.0,0.5,-0.5,-1.0,1.6945454545454552,3.054000000000002,-51.0,-4.352020202020203,-1.546000000000003,-5.0,2.0,6.0,6.0,6.0,6.0,0.0,0.0,0.0,0.0,0.0,1
196,0,8.599999999999994,0,6,1,1,1,0,0,0,236.0,24.0,101.86666666666666,2.0,-1.0,-1.0,8.760909090909088,13.417999999999992,44.0,34.662727272727274,7.966000000000001,12.0,-4.0,-5.0,-3.0,-5.0,0.0,0.0,0.0,0.0,0.0,0.0,1
197,0,-3.799999999999997,1,4,4,3,0,0,0,0,-36.0,93.0,-56.6,0.0,2.0,2.0,-3.4918181818181857,-0.4340000000000046,-7.0,-3.2809999999999917,-2.554000000000002,-6.0,-10.0,-4.0,-4.0,0.0,0.0,0.0,0.0,0.0,0.0,0.0,0
198,1,-30.60000000000001,0,8,2,1,1,2,3,-3,227.0,181.0,141.33333333333334,2.0,1.0,1.0,-8.011818181818182,-9.335999999999999,53.0,2.123636363636365,-0.08399999999999608,17.0,5.0,7.0,4.0,0.0,0.0,0.0,0.0,0.0,0.0,0.0,1
199,0,-18.4,0,0,-1,2,0,2,2,0,-3.0,-71.0,73.66666666666667,0.0,-1.0,-1.0,0.2990909090908964,0.4060000000000059,-12.0,2.633636363636363,-2.2360000000000007,-15.0,8.0,12.0,9.0,5.0,0.0,0.0,0.0,0.0,0.0,0.0,0
200,0,24.69999999999999,0,1,0,0,0,1,0,0,6.0,16.0,9.583333333333334,1.0,1.0,1.0,26.816363636363636,41.172,1.0,-24.646666666666665,-18.75,0.0,2.0,2.0,-1.0,2.0,6.0,0.0,0.0,0.0,0.0,0.0,0
201,0,-15.600000000000001,0,-2,-1,-1,0,0,0,-1,-141.0,2.0,0.0,-1.0,1.0,1.0,-8.417000000000002,-14.296,-9.0,-16.873999999999995,-17.801999999999996,-1.0,-12.0,-4.0,-4.0,0.0,0.0,0.0,0.0,0.0,0.0,0.0,0
202,0,-22.9,0,0,-1,-1,-1,0,0,0,-158.0,-11.0,0.0,-2.0,0.0,0.0,-5.656363636363643,-10.854,-25.0,3.0436363636363737,-3.3919999999999995,-17.0,9.0,13.0,10.0,6.0,6.0,0.0,0.0,0.0,0.0,0.0,0
203,0,21.4,0,0,2,2,-1,0,-3,1,-134.0,165.0,46.2,-1.0,1.0,0.0,-2.8327272727272756,-4.240000000000002,-52.0,3.1472727272727354,1.8340000000000032,-5.0,4.0,0.0,0.0,0.0,0.0,0.0,0.0,0.0,0.0,0.0,0
204,0,9.000000000000007,-1,0,0,-1,0,-2,0,0,-104.0,14.0,-78.21428571428571,-2.0,1.0,1.0,-2.4327272727272735,-2.3900000000000006,-8.0,-1.676000000000002,3.3580000000000005,2.0,-3.0,-1.0,-4.0,0.0,0.0,0.0,0.0,0.0,0.0,0.0,0
205,0,27.199999999999996,0,-2,-3,0,0,-1,1,0,-126.0,-49.0,0.0,-1.0,-0.5,0.0,-4.495454545454546,-2.912000000000006,-41.0,11.18986111111111,8.878,-4.0,-6.0,-4.0,-4.0,0.0,0.0,0.0,0.0,0.0,0.0,0.0,0
206,0,-3.8000000000000114,0,0,3,-1,-1,1,2,0,-98.0,-44.5,-39.33333333333333,-1.0,0.0,0.0,-1.0199999999999996,-4.949999999999989,-20.0,7.030909090909095,1.8919999999999995,-6.0,1.0,3.0,-3.0,5.0,0.0,0.0,0.0,0.0,0.0,0.0,0
207,0,-1.7000000000000028,0,-3,1,0,0,0,1,-3,-41.0,-25.0,-8.466666666666669,1.0,0.8333333333333334,1.0,-2.7900000000000063,-1.6780000000000008,-6.0,4.438989898989895,3.594000000000001,0.0,-2.0,-8.0,4.0,0.0,0.0,0.0,0.0,0.0,0.0,0.0,0
208,0,-21.4,0,0,-2,-1,1,-1,0,0,32.0,53.0,0.0,-1.0,1.0,1.0,-0.0018181818181801646,-5.222000000000001,-1.0,5.325499999999998,9.179999999999996,4.0,2.0,10.0,4.0,0.0,0.0,0.0,0.0,0.0,0.0,0.0,0
209,2,-9.199999999999989,0,0,1,2,2,2,0,-2,10.0,-22.0,0.0,0.0,-2.0,-2.0,-0.7190909090909159,1.4780000000000086,-2.0,14.604949494949494,-0.8840000000000003,2.0,3.0,-5.0,1.0,5.0,0.0,0.0,0.0,0.0,0.0,0.0,1
210,0,-23.500000000000007,1,0,0,0,1,3,0,0,-49.0,8.0,0.0,0.0,0.0,0.0,-1.7697272727272768,-6.839999999999996,-3.0,-0.48499999999999943,4.450000000000006,0.0,-2.0,0.0,0.0,0.0,0.0,0.0,0.0,0.0,0.0,0.0,0
211,0,40.79999999999999,0,-4,0,0,0,0,0,1,-84.5,-92.0,-63.266666666666666,0.0,0.33333333333333337,-1.0,-1.2827272727272785,3.066000000000006,-7.0,5.250101010101005,4.052,0.0,0.0,-2.0,10.0,10.0,10.0,10.0,10.0,10.0,10.0,0.0,0
212,0,-13.0,0,-2,-1,-1,0,-1,0,4,-62.0,-71.0,-31.285714285714285,-1.0,-1.0,-1.0,-21.464545454545455,-30.918,-2.0,31.365000000000002,26.086000000000002,-1.0,-13.0,-9.0,-6.0,-6.0,-6.0,0.0,0.0,0.0,0.0,0.0,0
213,0,-26.799999999999997,0,3,2,0,0,1,0,0,90.0,119.0,93.4,1.0,1.0,0.0,2.620000000000001,1.5560000000000045,36.0,5.527999999999992,4.344000000000001,11.0,7.0,6.0,4.0,0.0,0.0,0.0,0.0,0.0,0.0,0.0,1
214,0,-16.0,0,-2,-2,0,0,0,0,0,-48.0,-36.0,0.0,0.0,0.0,0.0,-1.7744444444444447,-0.7680000000000007,-1.0,-21.59114285714286,-25.774,-1.0,-10.0,-8.0,-8.0,-8.0,-8.0,-8.0,-8.0,0.0,0.0,0.0,0
215,0,-5.400000000000006,0,3,0,0,0,0,0,0,72.0,80.0,44.2,1.0,1.0,1.0,-0.2945454545454602,0.3540000000000063,6.0,-0.06806818181818386,4.625999999999998,3.0,0.0,0.0,3.0,-1.0,-1.0,-7.0,-7.0,-7.0,-7.0,0.0,1
216,0,-9.0,0,0,1,1,0,2,0,0,-2.0,-16.0,-9.583333333333334,-1.0,-1.0,-1.0,-13.817474747474748,-20.305999999999997,-1.0,2.714666666666666,-3.1819999999999986,1.0,4.0,2.0,2.0,-6.0,-6.0,0.0,0.0,0.0,0.0,0.0,0
217,0,-26.300000000000004,0,6,3,0,0,1,0,0,75.0,91.0,0.0,1.0,1.0,1.0,8.011818181818182,7.4879999999999995,12.0,21.08522727272728,8.012000000000004,3.0,13.0,13.0,10.0,6.0,6.0,0.0,0.0,0.0,0.0,0.0,1
218,0,-11.0,1,2,4,3,2,0,-2,0,235.0,22.0,0.0,4.0,0.0,0.0,8.020000000000007,12.451999999999995,44.0,6.584545454545456,5.723999999999997,3.0,-1.0,-1.0,-4.0,0.0,0.0,0.0,0.0,0.0,0.0,0.0,1
219,0,0.19999999999998863,0,0,-1,-1,-2,-3,0,0,18.0,59.0,31.285714285714285,-1.0,1.0,1.0,-2.812727272727269,-6.836000000000006,-6.0,-3.8272222222222254,-5.888000000000002,-1.0,0.0,4.0,1.0,1.0,6.0,0.0,0.0,0.0,0.0,0.0,0
220,0,-3.8000000000000114,0,6,4,3,2,2,0,0,115.0,-1.0,0.0,2.0,0.0,0.0,8.168181818181822,11.642000000000003,20.0,22.5565,10.946000000000005,6.0,13.0,11.0,8.0,0.0,0.0,0.0,0.0,0.0,0.0,0.0,1
221,0,-7.800000000000011,0,-4,-1,-3,-2,1,-1,0,121.0,59.0,0.0,2.0,0.5,0.0,10.226363636363633,9.924,11.0,-1.93311111111111,-2.5180000000000007,2.0,2.0,-2.0,10.0,6.0,6.0,0.0,0.0,0.0,0.0,0.0,1
222,0,27.199999999999996,0,-2,-2,0,0,0,1,0,-81.0,-111.0,-102.4,0.0,0.0,1.0,-4.482727272727274,-3.4740000000000038,-38.0,-5.2749999999999915,1.083999999999996,-11.0,-1.0,-6.0,-4.0,0.0,0.0,0.0,0.0,0.0,0.0,0.0,0
223,0,19.4,-1,0,1,1,0,0,0,0,-28.0,-6.0,-20.1978021978022,-1.0,0.0,0.0,2.414545454545454,8.646,6.0,3.9061363636363637,-7.833999999999996,-5.0,-2.0,-2.0,-8.0,0.0,0.0,0.0,0.0,0.0,0.0,0.0,0
224,0,12.800000000000011,0,2,2,2,2,4,0,0,44.0,12.0,0.0,2.0,0.0,0.0,24.277272727272724,37.754000000000005,8.0,-27.537777777777777,-20.198,2.0,13.0,5.0,5.0,5.0,0.0,0.0,0.0,0.0,0.0,0.0,0
225,0,-8.0,0,0,-1,0,0,-1,0,0,-22.0,-34.0,0.0,0.0,-2.0,-2.0,5.737922077922072,0.8840000000000003,-8.0,-16.844772727272726,-39.6735,0.0,-2.0,-10.0,-4.0,0.0,0.0,0.0,0.0,0.0,0.0,0.0,0
226,0,23.80000000000002,0,0,3,1,0,1,0,0,-9.0,-6.0,-11.912087912087916,-1.0,-1.0,-1.0,4.353636363636362,11.036000000000001,8.0,2.8999999999999986,-0.4819999999999993,-2.0,1.0,1.0,-5.0,-5.0,0.0,0.0,0.0,0.0,0.0,0.0,1
227,0,19.1,0,-8,-5,-2,-1,-1,0,0,-365.0,-53.0,-103.73333333333333,-4.0,0.0,0.0,3.2081818181818136,-0.8440000000000012,-34.0,-4.044545454545457,1.631999999999998,-8.0,-6.0,-9.0,-5.0,-5.0,0.0,0.0,0.0,0.0,0.0,0.0,1
228,0,23.299999999999997,0,-6,-5,-5,-3,-3,0,-2,-248.0,-119.5,0.0,-2.0,0.0,1.0,-9.703636363636363,-14.914000000000001,-49.0,-5.180999999999997,-0.00600000000000378,-12.0,-1.0,-9.0,-9.0,-5.0,0.0,0.0,0.0,0.0,0.0,0.0,0
229,1,-28.80000000000001,0,2,0,0,0,1,1,2,89.0,1.0,-3.6,1.0,0.0,0.0,-9.396363636363635,-11.954,3.0,-2.2536363636363674,1.2460000000000022,4.0,8.0,6.0,9.0,5.0,0.0,0.0,0.0,0.0,0.0,0.0,0
230,0,-1.1000000000000014,0,0,0,2,1,-1,-2,0,-80.0,-55.0,-82.93333333333334,-1.5,-1.0,-1.0,-2.5281818181818174,-0.6920000000000002,8.0,-3.256161616161613,-1.3759999999999941,4.0,-2.0,-2.0,1.0,5.0,0.0,0.0,0.0,0.0,0.0,0.0,0
231,2,-0.19999999999998863,0,0,0,0,0,0,0,0,-5.0,-6.0,0.0,0.0,0.0,0.0,5.560833333333335,9.422000000000004,1.0,2.590857142857139,-1.5060000000000002,0.0,1.0,-2.0,0.0,0.0,0.0,0.0,0.0,0.0,0.0,0.0,0
232,2,-15.0,0,-4,-4,-2,0,-3,0,10,-40.0,-21.0,0.0,-1.0,0.0,0.0,-2.8514285714285705,-7.2719999999999985,-14.0,-18.324500000000008,-22.49800000000001,1.0,4.0,9.0,0.0,0.0,0.0,0.0,0.0,0.0,0.0,0.0,0
233,2,14.799999999999997,0,0,1,1,1,0,0,7,158.0,11.0,0.0,2.0,0.0,0.0,5.656363636363643,10.854,25.0,-3.0436363636363737,3.3919999999999995,17.0,-9.0,-13.0,-10.0,-6.0,-6.0,0.0,0.0,0.0,0.0,0.0,1
234,2,1.0999999999999943,-1,0,-1,0,0,2,-3,2,33.5,103.0,-15.266666666666666,0.0,1.0,1.0,-6.068181818181824,-9.216000000000008,-55.0,1.679090909090906,3.6319999999999943,9.0,3.0,9.0,9.0,5.0,0.0,0.0,0.0,0.0,0.0,0.0,0
235,0,-8.300000000000004,1,-6,-4,-2,-1,0,-3,0,-107.0,-93.0,-76.06666666666666,-0.5,0.0,0.0,-5.9709090909090925,-12.004000000000005,-79.0,-5.868686868686876,-5.840000000000003,-6.0,2.0,4.0,4.0,5.0,0.0,0.0,0.0,0.0,0.0,0.0,0
236,0,-3.4000000000000057,0,6,4,1,1,1,0,-4,233.0,102.0,0.0,3.0,1.0,1.0,13.668181818181825,18.342,37.0,18.041590909090907,11.404000000000003,20.0,4.0,0.0,0.0,0.0,0.0,0.0,0.0,0.0,0.0,0.0,0
237,2,-8.399999999999991,1,0,2,1,1,0,0,-3,-25.5,-5.0,68.42857142857143,-1.0,0.0,0.0,2.4727272727272727,7.586000000000002,3.0,9.034545454545462,13.379999999999999,5.0,-4.0,-2.0,0.0,0.0,0.0,0.0,0.0,0.0,0.0,0.0,0
238,2,-9.000000000000007,1,0,-2,-4,-3,-3,3,7,-67.0,128.0,138.0,-1.0,0.5,1.0,-4.280000000000001,-1.5179999999999936,47.0,7.7139090909090875,0.3860000000000028,-3.0,-3.0,-7.0,-1.0,-5.0,0.0,0.0,0.0,0.0,0.0,0.0,1
239,2,-17.4,0,0,2,2,1,0,0,15,-87.5,99.0,65.64285714285714,-1.5,1.0,1.0,6.066363636363633,12.201999999999995,-6.0,9.701363636363638,8.432000000000002,2.0,0.0,4.0,3.0,7.0,7.0,7.0,0.0,0.0,0.0,0.0,0
240,0,-26.60000000000001,0,-2,0,0,0,-1,0,-1,-29.0,-25.0,0.0,-1.0,0.0,0.0,-25.377272727272725,-30.630000000000003,0.0,63.76800000000001,28.684000000000005,0.0,-11.0,-9.0,-9.0,-5.0,0.0,0.0,0.0,0.0,0.0,0.0,0
241,0,5.699999999999989,0,0,1,2,1,-1,0,0,23.0,-60.0,71.92857142857143,0.0,-1.0,-1.0,-1.9509090909090894,-1.9179999999999922,10.0,-2.607999999999997,-3.570000000000004,1.0,4.0,-2.0,4.0,0.0,0.0,0.0,0.0,0.0,0.0,0.0,1
242,1,26.10000000000001,0,6,5,3,0,0,1,-8,-18.0,-5.0,0.0,0.0,0.0,0.0,1.7254545454545465,5.182000000000002,5.0,7.360909090909097,-1.0260000000000034,-3.0,-5.0,-3.0,-9.0,-5.0,0.0,0.0,0.0,0.0,0.0,0.0,1
243,0,9.0,0,0,0,0,0,0,0,0,-4.0,-4.0,0.0,0.0,0.0,0.0,9.373333333333335,10.522000000000006,1.0,4.016857142857141,-0.0799999999999983,0.0,0.0,-1.0,1.0,1.0,6.0,0.0,0.0,0.0,0.0,0.0,0
244,0,0.0,0,-2,-6,-6,-4,-3,0,0,-147.5,43.0,63.266666666666666,-1.5,0.16666666666666663,1.0,-11.658181818181816,-14.493999999999996,-39.0,-1.0015454545454574,-6.48,-10.0,0.0,4.0,-5.0,-5.0,0.0,0.0,0.0,0.0,0.0,0.0,0
245,0,13.700000000000003,-1,-2,-3,-2,-1,-2,0,-2,-114.0,-188.0,-59.46666666666667,-0.5,-1.3333333333333335,-1.0,-1.3099999999999916,-3.7599999999999945,-31.0,-10.394545454545451,-10.497999999999998,-16.0,0.0,2.0,-13.0,-5.0,0.0,0.0,0.0,0.0,0.0,0.0,0
246,0,25.699999999999996,0,-6,-3,-1,-1,-1,-4,0,-212.0,0.0,0.0,-1.0,-1.5,-3.0,-13.88636363636364,-12.963999999999999,-67.0,0.3378787878787932,-6.188666666666663,-9.0,3.0,-3.0,0.0,0.0,0.0,0.0,0.0,0.0,0.0,0.0,0
247,0,2.700000000000003,-1,6,3,0,0,1,0,3,96.0,107.0,0.0,1.0,1.0,1.0,24.716363636363635,30.951999999999998,12.0,-32.82727272727272,-28.188,3.0,13.0,13.0,10.0,6.0,6.0,0.0,0.0,0.0,0.0,0.0,1
248,1,-1.6000000000000014,0,0,-1,-5,-3,-3,2,-13,-1.0,-135.5,80.29411764705883,0.0,-1.0,1.0,-9.609090909090906,-17.846,-32.0,2.894636363636362,-2.7100000000000044,-4.0,5.0,5.0,-1.0,-5.0,0.0,0.0,0.0,0.0,0.0,0.0,0
249,0,-10.600000000000009,1,-2,-3,0,0,-1,0,18,-69.5,23.0,61.93333333333333,-1.0,0.5,1.0,-7.665454545454548,-15.058000000000007,-28.0,-1.5166666666666728,-4.2940000000000005,-1.0,0.0,-2.0,-2.0,-1.0,-6.0,0.0,0.0,0.0,0.0,0.0,0
250,1,-20.000000000000007,0,0,-2,1,1,1,0,1,-33.0,185.0,64.63921568627451,-1.0,1.0,0.0,1.653636363636359,4.428000000000001,38.0,-6.34,1.4180000000000064,9.0,-5.0,-7.0,-4.0,0.0,0.0,0.0,0.0,0.0,0.0,0.0,1
251,0,-34.00000000000001,1,0,0,0,0,0,0,0,-21.0,-16.0,0.0,0.0,0.0,0.0,-16.704545454545453,-23.464,0.0,53.9125,36.2,0.0,0.0,0.0,0.0,0.0,0.0,0.0,0.0,0.0,0.0,0.0,0
252,0,1.0,0,0,0,0,0,0,0,0,-7.0,-7.0,0.0,0.0,0.0,0.0,-25.376666666666665,-36.678,0.0,27.92285714285714,23.826,0.0,2.0,-2.0,3.0,-5.0,0.0,0.0,0.0,0.0,0.0,0.0,0
253,0,-16.5,1,0,-2,-2,0,-2,0,0,14.0,63.0,0.0,0.0,2.0,2.0,-2.029999999999994,-5.5859999999999985,-10.0,-2.2212499999999977,2.1339999999999932,0.0,5.0,9.0,6.0,6.0,6.0,0.0,0.0,0.0,0.0,0.0,1
254,2,21.60000000000001,0,0,3,4,2,2,-2,2,34.0,-49.5,-144.93333333333334,1.0,0.0,-1.0,7.955454545454547,13.418,-6.0,3.4453636363636377,1.291999999999998,-5.0,0.0,2.0,5.0,5.0,0.0,0.0,0.0,0.0,0.0,0.0,1
255,0,-44.29999999999999,0,6,1,1,1,1,-3,1,287.0,75.0,120.86666666666666,3.0,0.0,0.0,26.473636363636363,35.029999999999994,44.0,-36.63272727272727,-26.326,12.0,0.0,2.0,8.0,0.0,0.0,0.0,0.0,0.0,0.0,0.0,1
256,0,-6.799999999999997,0,0,1,0,0,1,0,0,6.0,0.0,0.0,-1.0,0.0,0.0,8.38111111111111,14.881999999999998,2.0,11.981999999999996,11.981999999999996,1.0,3.0,5.0,8.0,0.0,0.0,0.0,0.0,0.0,0.0,0.0,0
257,1,13.600000000000009,0,0,0,-2,0,-1,0,-6,-19.0,76.0,-73.66666666666667,-0.5,1.0,1.0,-4.006363636363634,-3.95000000000001,15.0,-6.435454545454547,-2.9319999999999986,3.0,-4.0,-8.0,-5.0,-5.0,0.0,0.0,0.0,0.0,0.0,0.0,0
258,0,0.3999999999999986,0,1,0,0,0,1,1,0,9.0,8.0,-9.0,1.0,1.0,1.0,-1.8627272727272732,-1.9179999999999993,-2.0,0.2530000000000001,5.427999999999997,0.0,6.0,0.0,0.0,0.0,0.0,0.0,0.0,0.0,0.0,0.0,1
259,0,-9.0,0,-2,-3,-3,-2,0,0,0,-140.0,-17.0,-71.92857142857143,1.0,0.0,0.0,-2.8435227272727275,-5.762000000000008,-23.0,-28.800000000000004,-35.866,-5.0,-14.0,-8.0,-8.0,0.0,0.0,0.0,0.0,0.0,0.0,0.0,0
260,0,-7.799999999999997,1,0,-1,-3,-2,-1,0,0,-41.0,-73.0,43.42857142857143,0.0,-1.0,-1.0,-0.41309090909090784,-9.327999999999996,-13.0,-10.61935064935065,1.4519999999999982,4.0,-2.0,4.0,4.0,0.0,0.0,0.0,0.0,0.0,0.0,0.0,1
261,0,-1.1999999999999886,1,1,2,0,0,1,-1,0,129.0,104.5,67.52083333333333,0.0,0.0,-1.0,12.076363636363634,14.774000000000004,35.0,35.731545454545454,20.220000000000002,16.0,-1.0,-1.0,-9.0,-13.0,-13.0,-13.0,-13.0,-13.0,-13.0,-13.0,1
262,0,-32.300000000000004,1,6,4,2,1,0,2,-12,163.5,165.0,138.0,0.5,1.0,1.0,2.800909090909091,-0.1419999999999959,92.0,-6.837840909090907,-7.331999999999997,9.0,4.0,-2.0,-2.0,-6.0,-6.0,0.0,0.0,0.0,0.0,0.0,1
263,0,9.100000000000009,0,-1,0,0,0,0,-1,13,0.0,18.5,-12.666666666666668,-1.0,0.0,-1.0,-4.604545454545452,-5.91,-3.0,-1.348454545454544,8.866,-1.0,2.0,-1.0,-2.0,-8.0,-13.0,-13.0,-13.0,-13.0,-13.0,-13.0,0
264,0,0.7999999999999972,0,5,5,3,0,3,0,0,29.0,29.0,34.333333333333336,0.0,0.0,0.0,11.551515151515144,11.977999999999998,8.0,23.93222222222222,28.85466666666666,1.0,12.0,4.0,4.0,0.0,0.0,0.0,0.0,0.0,0.0,0.0,1
265,0,29.700000000000003,0,0,0,0,0,0,0,0,1.0,0.0,0.0,0.0,0.0,0.0,15.625,23.7,0.0,-46.2,-46.2,0.0,9.0,7.0,4.0,0.0,0.0,0.0,0.0,0.0,0.0,0.0,0
266,0,-5.6000000000000085,0,0,0,-1,-1,-2,0,0,-3.0,-12.0,0.0,-1.0,-1.0,-1.0,-11.267070707070708,-26.734,-1.0,-6.49966666666667,-11.674000000000003,1.0,-1.0,3.0,3.0,-5.0,0.0,0.0,0.0,0.0,0.0,0.0,0
267,0,-18.9,0,0,-1,1,2,3,-1,-8,73.0,-13.0,36.38823529411765,1.0,-2.0,-2.0,8.716363636363642,9.415999999999997,19.0,3.199090909090902,2.154,7.0,2.0,6.0,9.0,5.0,0.0,0.0,0.0,0.0,0.0,0.0,1
268,0,-3.8999999999999986,0,-4,-3,-5,-3,-3,-1,2,-167.0,-8.5,102.4,-2.0,0.0,0.0,-5.220909090909089,-11.439999999999998,-11.0,0.09399999999999409,-1.0899999999999999,-1.0,0.0,-3.0,-5.0,-5.0,0.0,0.0,0.0,0.0,0.0,0.0,0
269,0,22.499999999999993,0,0,1,3,2,1,0,-1,40.0,-92.0,0.0,1.0,-1.0,-1.0,0.1563636363636398,4.1540000000000035,8.0,1.4712727272727193,2.934000000000001,3.0,0.0,-2.0,-2.0,-6.0,-6.0,0.0,0.0,0.0,0.0,0.0,1
270,0,-1.2999999999999972,1,0,-1,2,1,2,0,7,66.0,49.0,78.21428571428571,-1.0,0.0,0.0,-1.630000000000006,-4.207999999999998,0.0,10.005111111111113,0.7040000000000006,-3.0,1.0,7.0,4.0,0.0,0.0,0.0,0.0,0.0,0.0,0.0,0
271,0,-14.300000000000004,0,-2,-3,0,0,-1,0,0,-155.0,-14.0,0.0,-2.0,0.0,0.0,-8.857159090909096,-14.277999999999999,-21.0,-23.07888888888889,-35.374,-5.0,-12.0,-4.0,-4.0,0.0,0.0,0.0,0.0,0.0,0.0,0.0,0
272,0,10.899999999999991,-1,5,1,1,1,0,-1,11,236.0,42.5,89.19999999999999,1.0,-1.0,-2.0,4.156363636363636,7.507999999999992,41.0,33.31427272727273,16.832,11.0,-2.0,-6.0,-5.0,-13.0,-13.0,-13.0,-13.0,-13.0,-13.0,-13.0,0
273,0,2.999999999999986,0,0,2,1,0,1,-2,2,1.5,-123.0,0.46666666666666856,-0.5,-1.0,-1.0,4.1245454545454585,5.899999999999999,36.0,3.675454545454542,-2.570000000000004,-5.0,-4.0,-4.0,-4.0,0.0,0.0,0.0,0.0,0.0,0.0,0.0,0
274,0,0.0,0,-5,-2,-2,-1,-1,0,0,-89.0,-139.0,-65.64285714285714,-1.0,-1.0,-1.0,-30.587272727272726,-42.788,-8.0,30.285000000000004,24.201999999999998,-3.0,-5.0,-8.0,-2.0,-2.0,-2.0,-2.0,5.0,0.0,0.0,0.0,0
275,0,-4.700000000000003,0,5,4,0,0,1,4,0,184.0,114.0,28.13333333333334,1.0,0.5,0.0,4.670909090909092,4.614000000000004,10.0,-3.3271717171717157,2.1039999999999957,6.0,1.0,3.0,0.0,0.0,0.0,0.0,0.0,0.0,0.0,0.0,1
